Nasdaq1XGBoost,Nasdaq1SVM,Nasdaq1RandomForest,Nasdaq3XGBoost,Nasdaq3SVM,Nasdaq3RandomForest,Nasdaq6XGBoost,Nasdaq6SVM,Nasdaq6RandomForest,Dow Jones1XGBoost,Dow Jones1SVM,Dow Jones1RandomForest,Dow Jones3XGBoost,Dow Jones3SVM,Dow Jones3RandomForest,Dow Jones6XGBoost,Dow Jones6SVM,Dow Jones6RandomForest,S&P 5001XGBoost,S&P 5001SVM,S&P 5001RandomForest,S&P 5003XGBoost,S&P 5003SVM,S&P 5003RandomForest,S&P 5006XGBoost,S&P 5006SVM,S&P 5006RandomForest
5.353901459814706,5.944461036335205,5.150160339870163,6.381581011455847,5.7566693976734165,5.9815640859498,7.216039085809702,11.781696689020473,12.509904700240124,2.7694705487500944,4.488332193731065,3.3713607477441108,5.416705704050615,5.2240195914285055,5.325576616096452,8.002775496956367,7.292272919733205,7.634117298560751,3.917060018649977,4.964404054555952,3.6204413392626766,6.381581011455847,5.7566693976734165,5.9815640859498,6.762729542580126,8.169430417818319,8.577359180724777
